event_hour,event_weekday,total_actions,pv_count,cart_count,buy_count,fav_count,buy_rate_pct
0,0,30271,27006.0,1412.0,1505.0,348.0,4.97
1,0,15682,14082.0,690.0,791.0,119.0,5.04
2,0,8430,7572.0,413.0,371.0,74.0,4.4
3,0,5868,5227.0,315.0,285.0,41.0,4.86
4,0,4417,3931.0,274.0,198.0,14.0,4.48
5,0,5398,4753.0,299.0,278.0,68.0,5.15
6,0,8419,7597.0,368.0,364.0,90.0,4.32
7,0,15462,13922.0,730.0,656.0,154.0,4.24
8,0,21366,19168.0,991.0,934.0,273.0,4.37
9,0,27151,23763.0,1433.0,1374.0,581.0,5.06
10,0,33056,29008.0,2012.0,1309.0,727.0,3.96
11,0,33395,29243.0,1920.0,1437.0,795.0,4.3
12,0,34509,30550.0,1901.0,1326.0,732.0,3.84
13,0,39155,34277.0,2412.0,1604.0,862.0,4.1
14,0,36869,32417.0,2070.0,1550.0,832.0,4.2
15,0,38731,33978.0,2164.0,1724.0,865.0,4.45
16,0,35577,31620.0,1889.0,1325.0,743.0,3.72
17,0,30830,27327.0,1776.0,1139.0,588.0,3.69
18,0,33427,29963.0,1698.0,1160.0,606.0,3.47
19,0,46607,41878.0,2275.0,1710.0,744.0,3.67
20,0,61120,54824.0,3178.0,2237.0,881.0,3.66
21,0,70002,62559.0,3729.0,2713.0,1001.0,3.88
22,0,68696,61365.0,3963.0,2464.0,904.0,3.59
23,0,51837,46218.0,3102.0,1810.0,707.0,3.49
0,1,37641,34020.0,1747.0,1473.0,401.0,3.91
1,1,20399,18412.0,886.0,952.0,149.0,4.67
2,1,12411,11066.0,609.0,642.0,94.0,5.17
3,1,7185,6503.0,371.0,266.0,45.0,3.7
4,1,6319,5683.0,282.0,322.0,32.0,5.1
5,1,6812,6145.0,322.0,280.0,65.0,4.11
6,1,11675,10582.0,502.0,475.0,116.0,4.07
7,1,21436,19373.0,984.0,865.0,214.0,4.04
8,1,28648,25656.0,1452.0,1125.0,415.0,3.93
9,1,36393,32199.0,1896.0,1595.0,703.0,4.38
10,1,41287,36121.0,2396.0,1738.0,1032.0,4.21
11,1,40092,35178.0,2272.0,1665.0,977.0,4.15
12,1,41753,36743.0,2359.0,1615.0,1036.0,3.87
13,1,47175,41039.0,2827.0,2170.0,1139.0,4.6
14,1,46579,40964.0,2520.0,2095.0,1000.0,4.5
15,1,45745,40012.0,2741.0,1941.0,1051.0,4.24
16,1,44206,38956.0,2535.0,1795.0,920.0,4.06
17,1,39373,34857.0,2284.0,1537.0,695.0,3.9
18,1,40808,36488.0,2118.0,1541.0,661.0,3.78
19,1,56471,50372.0,3045.0,2098.0,956.0,3.72
20,1,72122,64588.0,3801.0,2640.0,1093.0,3.66
21,1,86286,77020.0,4656.0,3388.0,1222.0,3.93
22,1,84720,75456.0,4910.0,3220.0,1134.0,3.8
23,1,63862,56664.0,3729.0,2687.0,782.0,4.21
0,2,37514,33443.0,1777.0,1883.0,411.0,5.02
1,2,19615,17708.0,854.0,884.0,169.0,4.51
2,2,10358,9327.0,501.0,441.0,89.0,4.26
3,2,7574,6757.0,404.0,341.0,72.0,4.5
4,2,6364,5702.0,334.0,256.0,72.0,4.02
5,2,7165,6457.0,377.0,282.0,49.0,3.94
6,2,12184,10973.0,549.0,552.0,110.0,4.53
7,2,20177,18016.0,1042.0,866.0,253.0,4.29
8,2,29351,26353.0,1396.0,1142.0,460.0,3.89
9,2,36687,32492.0,1871.0,1608.0,716.0,4.38
10,2,41070,35955.0,2410.0,1728.0,977.0,4.21
11,2,40923,35790.0,2374.0,1827.0,932.0,4.46
12,2,41412,36428.0,2416.0,1604.0,964.0,3.87
13,2,45474,40007.0,2646.0,1759.0,1062.0,3.87
14,2,45275,39666.0,2777.0,1837.0,995.0,4.06
15,2,46799,41441.0,2547.0,1873.0,938.0,4.0
16,2,45233,39878.0,2413.0,1967.0,975.0,4.35
17,2,37922,33420.0,2043.0,1720.0,739.0,4.54
18,2,42880,38224.0,2208.0,1771.0,677.0,4.13
19,2,57202,51012.0,2944.0,2360.0,886.0,4.13
20,2,74555,66673.0,3957.0,2858.0,1067.0,3.83
21,2,86246,77261.0,4712.0,3081.0,1192.0,3.57
22,2,84693,75527.0,4884.0,3201.0,1081.0,3.78
23,2,64624,56982.0,4137.0,2693.0,812.0,4.17
0,3,38439,34506.0,1936.0,1616.0,381.0,4.2
1,3,19967,17879.0,1011.0,935.0,142.0,4.68
2,3,10804,9693.0,541.0,485.0,85.0,4.49
3,3,7949,7191.0,390.0,307.0,61.0,3.86
4,3,6786,6072.0,353.0,318.0,43.0,4.69
5,3,6952,6353.0,286.0,269.0,44.0,3.87
6,3,12048,10896.0,546.0,498.0,108.0,4.13
7,3,21256,19294.0,945.0,845.0,172.0,3.98
8,3,27990,25048.0,1410.0,1076.0,456.0,3.84
9,3,36352,32108.0,1908.0,1669.0,667.0,4.59
10,3,42265,36646.0,2564.0,2009.0,1046.0,4.75
11,3,41620,36263.0,2373.0,2020.0,964.0,4.85
12,3,40842,35991.0,2406.0,1535.0,910.0,3.76
13,3,46102,40501.0,2582.0,2064.0,955.0,4.48
14,3,47314,41476.0,2809.0,1987.0,1042.0,4.2
15,3,47089,41243.0,2830.0,1966.0,1050.0,4.18
16,3,43772,38507.0,2532.0,1821.0,912.0,4.16
17,3,39883,35097.0,2359.0,1719.0,708.0,4.31
18,3,42418,37766.0,2277.0,1693.0,682.0,3.99
19,3,58246,51990.0,3039.0,2403.0,814.0,4.13
20,3,73445,65637.0,4096.0,2575.0,1137.0,3.51
21,3,86537,77217.0,4882.0,3287.0,1151.0,3.8
22,3,91256,80945.0,5537.0,3598.0,1176.0,3.94
23,3,74463,65690.0,4868.0,3074.0,831.0,4.13
0,4,46089,39081.0,3383.0,1519.0,2106.0,3.3
1,4,21696,18974.0,1364.0,730.0,628.0,3.36
2,4,11456,10072.0,706.0,418.0,260.0,3.65
3,4,7405,6639.0,339.0,294.0,133.0,3.97
4,4,6308,5496.0,379.0,330.0,103.0,5.23
5,4,7015,6251.0,361.0,292.0,111.0,4.16
6,4,13305,11672.0,730.0,579.0,324.0,4.35
7,4,22847,19981.0,1304.0,956.0,606.0,4.18
8,4,28280,24591.0,1725.0,1003.0,961.0,3.55
9,4,34014,29358.0,2193.0,1285.0,1178.0,3.78
10,4,38290,33197.0,2449.0,1380.0,1264.0,3.6
11,4,34341,29724.0,2187.0,1244.0,1186.0,3.62
12,4,36051,31602.0,2081.0,1264.0,1104.0,3.51
13,4,40115,34987.0,2463.0,1396.0,1269.0,3.48
14,4,38180,33394.0,2292.0,1446.0,1048.0,3.79
15,4,38050,33302.0,2247.0,1457.0,1044.0,3.83
16,4,36253,31762.0,2160.0,1339.0,992.0,3.69
17,4,32900,28793.0,1996.0,1276.0,835.0,3.88
18,4,35653,31262.0,2149.0,1464.0,778.0,4.11
19,4,46014,40816.0,2408.0,1845.0,945.0,4.01
20,4,56512,50390.0,3015.0,1966.0,1141.0,3.48
21,4,67592,59363.0,4141.0,2749.0,1339.0,4.07
22,4,68642,60368.0,4241.0,2540.0,1493.0,3.7
23,4,60081,52729.0,4031.0,2034.0,1287.0,3.39
0,5,33297,29810.0,1644.0,1424.0,419.0,4.28
1,5,16942,15055.0,820.0,920.0,147.0,5.43
2,5,9658,8737.0,434.0,426.0,61.0,4.41
3,5,6910,6204.0,269.0,390.0,47.0,5.64
4,5,4991,4432.0,214.0,310.0,35.0,6.21
5,5,5572,4873.0,266.0,388.0,45.0,6.96
6,5,11166,9840.0,522.0,710.0,94.0,6.36
7,5,19232,17229.0,963.0,850.0,190.0,4.42
8,5,26436,23717.0,1257.0,1152.0,310.0,4.36
9,5,29211,25795.0,1537.0,1324.0,555.0,4.53
10,5,32251,28366.0,1943.0,1303.0,639.0,4.04
11,5,30637,26877.0,1791.0,1286.0,683.0,4.2
12,5,28954,25513.0,1599.0,1201.0,641.0,4.15
13,5,33162,29276.0,1920.0,1184.0,782.0,3.57
14,5,34237,30204.0,1989.0,1266.0,778.0,3.7
15,5,35242,31006.0,2064.0,1367.0,805.0,3.88
16,5,34674,30591.0,2011.0,1335.0,737.0,3.85
17,5,31476,28082.0,1751.0,1037.0,606.0,3.29
18,5,33259,29718.0,1880.0,1156.0,505.0,3.48
19,5,43731,39271.0,2156.0,1724.0,580.0,3.94
20,5,55928,50205.0,2760.0,2138.0,825.0,3.82
21,5,64016,57446.0,3260.0,2387.0,923.0,3.73
22,5,65893,58950.0,3571.0,2462.0,910.0,3.74
23,5,53963,47928.0,3089.0,2376.0,570.0,4.4
0,6,34113,30549.0,1703.0,1537.0,324.0,4.51
1,6,18937,16909.0,878.0,1019.0,131.0,5.38
2,6,10232,9202.0,475.0,496.0,59.0,4.85
3,6,7056,6364.0,280.0,367.0,45.0,5.2
4,6,5123,4585.0,246.0,228.0,64.0,4.45
5,6,4948,4440.0,231.0,240.0,37.0,4.85
6,6,9119,8187.0,429.0,412.0,91.0,4.52
7,6,19216,17456.0,803.0,774.0,183.0,4.03
8,6,28279,25295.0,1359.0,1298.0,327.0,4.59
9,6,31661,27995.0,1614.0,1465.0,587.0,4.63
10,6,34222,30135.0,1727.0,1605.0,755.0,4.69
11,6,32465,28729.0,1732.0,1322.0,682.0,4.07
12,6,29654,26172.0,1544.0,1278.0,660.0,4.31
13,6,33710,29795.0,1819.0,1425.0,671.0,4.23
14,6,35783,31816.0,1901.0,1387.0,679.0,3.88
15,6,36575,32299.0,1983.0,1584.0,709.0,4.33
16,6,37725,33456.0,2087.0,1442.0,740.0,3.82
17,6,31742,28283.0,1670.0,1217.0,572.0,3.83
18,6,35781,31909.0,1843.0,1451.0,578.0,4.06
19,6,45679,41007.0,2238.0,1696.0,738.0,3.71
20,6,58510,52529.0,3135.0,2010.0,836.0,3.44
21,6,68847,61447.0,3854.0,2539.0,1007.0,3.69
22,6,69654,61886.0,4094.0,2611.0,1063.0,3.75
23,6,53325,46965.0,3265.0,2452.0,643.0,4.6
